Category Slug,Aspect,Tagline (Positive),Aspect Explanation,Tagline (Mixed),Synonyms
travel-packing-organizers,Storage Capacity,Ample storage for all travel essentials,"The ability of the packing organizer to hold and organize various travel items, such as clothes, toiletries, and documents.","{X} praised the storage capacity, though {Y} found it too small","Space, Compartmentalization"
travel-packing-organizers,Durability,Durable construction withstands frequent travel,"The ability of the packing organizer to withstand wear and tear, including scratches, tears, and other forms of damage.","{X} praised the durability, but {Y} experienced wear and tear","Build Quality, Longevity"
travel-packing-organizers,Weight and Portability,Lightweight and portable for easy travel,"The weight and ease of carrying the packing organizer, making it convenient for travel.","{X} praised the weight and portability, though {Y} found it too heavy","Mobility, Convenience"
travel-packing-organizers,Water Resistance,Protected my belongings from water damage,"The ability of the packing organizer to keep contents dry in wet conditions, such as rain or water spills.","{X} praised the water resistance, but {Y} experienced leakage","Waterproofing, Moisture Protection"
travel-packing-organizers,Ease of Use,Easy to pack and unpack with intuitive design,"The user-friendliness of the packing organizer, making it simple to pack, unpack, and organize travel items.","{X} praised the ease of use, though {Y} found it confusing","Usability, Intuitiveness"
travel-packing-organizers,Customization,Customizable compartments for personalized organization,"The ability to tailor the packing organizer to individual needs, such as adjustable compartments or removable dividers.","{X} praised the customization options, but {Y} found them limited","Personalization, Flexibility"
travel-packing-organizers,Aesthetics, Sleek design that fits any travel style,"The visual appeal of the packing organizer, including its color, material, and overall design.","{X} praised the aesthetics, though {Y} found it unappealing","Appearance, Style"
travel-packing-organizers,Value for Money,Excellent value for the price,"The balance between the quality and price of the packing organizer, making it a worthwhile investment.","{X} praised the value for money, but {Y} thought it was overpriced","Cost-Effectiveness, Price-Quality Ratio"
travel-packing-organizers,Multi-Functionality,Serves as a packing organizer and travel accessory,"The ability of the packing organizer to perform multiple tasks, such as holding documents, charging devices, or providing a travel wallet.","{X} praised the multi-functionality, but {Y} found it too cluttered","Versatility, Utility"
travel-packing-organizers,Packing Efficiency,Helped me pack more efficiently and reduce clutter,"The ability of the packing organizer to optimize packing space, reducing wasted space and promoting efficient travel.","{X} praised the packing efficiency, but {Y} found it didn't make a difference","Space Optimization, Travel Economy"
usb-cables,Durability,Found it to be a durable cable,"How well the cable resists wear and tear, including its build quality and materials.","{X} found it to be a durable cable, though {Y} experienced fraying","Build Quality, Longevity"
usb-cables,Data Transfer Speed,Impressed with the fast data transfer speeds,"The speed at which the cable can transfer data, including its support for high-speed protocols.","{X} impressed with the fast data transfer speeds, though {Y} experienced lag","Transfer Rate, Bandwidth"
usb-cables,Compatibility,Worked seamlessly with multiple devices,"The cable's ability to work with various devices, including computers, smartphones, and tablets.","{X} worked seamlessly with multiple devices, though {Y} experienced compatibility issues","Device Support, Interoperability"
usb-cables,Length and Flexibility,Appreciated the ideal length and flexibility,"The cable's length and flexibility, including its ability to be easily bent and stored.","{X} appreciated the ideal length and flexibility, though {Y} found it too short","Cable Length, Flexibility"
usb-cables,Noise Resistance,Impressed with the noise-resistant design,The cable's ability to reduce electromagnetic interference (EMI) and radio-frequency interference (RFI).,"{X} impressed with the noise-resistant design, though {Y} experienced interference issues","EMI Shielding, RFI Protection"
usb-cables,Power Delivery,Delivered power efficiently,"The cable's ability to deliver power to devices, including its support for fast charging protocols.","{X} delivered power efficiently, though {Y} experienced charging issues","Power Output, Charging Speed"
usb-cables,Connector Quality,Praised the high-quality connectors,"The quality and durability of the cable's connectors, including their resistance to corrosion and wear.","{X} praised the high-quality connectors, though {Y} experienced corrosion issues","Plug Quality, Terminal Durability"
usb-cables,Cable Management,Appreciated the easy cable management,"The cable's design features that facilitate easy management and organization, such as cable ties or storage compartments.","{X} appreciated the easy cable management, though {Y} found it lacking","Cable Organization, Storage"
usb-cables,Value for Money,Found it to be a great value for the price,"The cable's overall value considering its price, quality, and performance.","{X} found it to be a great value for the price, though {Y} thought it was overpriced","Price-Performance Ratio, Cost-Effectiveness"
usb-cables,Warranty and Support,Impressed with the comprehensive warranty and support,"The manufacturer's warranty and support offerings, including their duration, coverage, and responsiveness.","{X} impressed with the comprehensive warranty and support, though {Y} experienced poor customer service","Customer Support, Warranty Coverage"
usb-hubs,Port Count,Impressed with the number of ports,"The total number of USB ports available on the hub. For example, 4-port, 7-port, or 10-port.","{X} impressed with the number of ports, but {Y} wanted more","Port Capacity, USB Slots"
usb-hubs,Speed,Fast data transfer speeds,"The speed at which the hub can transfer data. For example, USB 3.0, USB 3.1, or USB-C.","{X} liked the fast data transfer speeds, but {Y} experienced slow speeds","Data Transfer Rate, Speed Performance"
usb-hubs,Power Delivery,Pleased with the power delivery,"The ability of the hub to provide power to connected devices. For example, charging capabilities or high-power delivery.","{X} pleased with the power delivery, though {Y} found it insufficient","Charging Capacity, Power Output"
usb-hubs,Build Quality,Durable and well-built,"The overall construction and durability of the hub. For example, using high-quality materials and having a solid design.","{X} thought it was durable, but {Y} experienced build quality issues","Material Quality, Construction"
usb-hubs,Compactness,Appreciated its compact design,"The size and portability of the hub. For example, being small and lightweight for easy carrying.","{X} appreciated its compact design, though {Y} found it too bulky","Portability, Size"
usb-hubs,Hot Swapping,Easy hot swapping capabilities,The ability to connect and disconnect devices without shutting down the hub or computer.,"{X} liked the easy hot swapping capabilities, but {Y} experienced issues","Plug-and-Play, Device Swapping"
usb-hubs,Compatibility,Worked with multiple devices seamlessly,"The ability of the hub to work with various devices and operating systems. For example, compatibility with Windows, Mac, or Linux.","{X} worked with multiple devices seamlessly, though {Y} experienced compatibility issues","Device Compatibility, OS Support"
usb-hubs,LED Indicators,Helpful LED indicators,The presence of LED lights that indicate the status of the hub or connected devices.,"{X} found the LED indicators helpful, but {Y} thought they were unneeded","Status Lights, Power Indicators"
usb-hubs,Cable Length,Liked the long cable,The length of the cable connecting the hub to the computer or power source.,"{X} liked the long cable, but {Y} found it too short","Cable Length, Connection Distance"
usb-hubs,Surge Protection,Protected devices from power surges,The ability of the hub to protect connected devices from electrical power surges or spikes.,"{X} protected devices from power surges, though {Y} experienced issues","Overvoltage Protection, Electrical Protection"
waist-packs,Comfort,Found it comfortable to wear,"How comfortable the waist pack is to wear, including its adjustability, weight distribution, and material.","{X} found it comfortable, though {Y} experienced chafing","Wearability, Ergonomics"
waist-packs,Storage Capacity,Impressed by the storage capacity,"The amount of space available in the waist pack for storing items, including pockets and compartments.","{X} were impressed by the storage capacity, but {Y} found it too small","Space, Compartmentalization"
waist-packs,Water Resistance,Liked the water resistance,"The ability of the waist pack to protect its contents from water and moisture, including rain and sweat.","{X} liked the water resistance, although {Y} experienced leaks","Waterproofing, Moisture Protection"
waist-packs,Adjustability,Appreciated the adjustability,"The ability to adjust the waist pack to fit different body types and sizes, including adjustability of straps and buckles.","{X} appreciated the adjustability, but {Y} found it limited","Customizability, Fit"
waist-packs,Breathability,Liked the breathability,"The ability of the waist pack to allow airflow and prevent moisture buildup, including mesh panels and ventilation.","{X} liked the breathability, though {Y} found it insufficient","Ventilation, Airflow"
waist-packs,Durability,Impressed by the durability,"The ability of the waist pack to withstand wear and tear, including the quality of materials and construction.","{X} were impressed by the durability, although {Y} experienced tearing","Sturdiness, Robustness"
waist-packs,Security,Felt secure with the waist pack,"The ability of the waist pack to keep items safe and secure, including zippers, buckles, and pockets.","{X} felt secure with the waist pack, though {Y} experienced losses","Protection, Safety"
waist-packs,Style,Liked the style,"The visual appeal and design of the waist pack, including colors, patterns, and overall aesthetic.","{X} liked the style, although {Y} found it unattractive","Aesthetics, Fashion"
waist-packs,Weight Distribution,Appreciated the weight distribution,"The ability of the waist pack to distribute weight evenly, including the placement of pockets and compartments.","{X} appreciated the weight distribution, though {Y} experienced discomfort","Balance, Load Management"
waist-packs,Ease of Use,Found it easy to use,"The simplicity and convenience of using the waist pack, including zippers, buckles, and pockets.","{X} found it easy to use, though {Y} experienced difficulties","Usability, Convenience"
wall-tabletop-picture-frames,Frame Quality,Impressed with the frame quality,"The overall build and construction of the frame. For example, being sturdy, durable, and well-made.","{X} impressed with the frame quality, though {Y} found it flimsy","Construction, Build Material"
wall-tabletop-picture-frames,Glass/ Acrylic Quality,Pleased with the glass/acrylic quality,"The quality of the glass or acrylic used in the frame. For example, being clear, scratch-resistant, and durable.","{X} pleased with the glass/acrylic quality, though {Y} found it scratched easily","Clarity, Scratch Resistance"
wall-tabletop-picture-frames,Matting Options,Loved the matting options,"The availability and variety of matting options. For example, offering different colors, textures, and sizes.","{X} loved the matting options, though {Y} found them limited","Matboard, Border Options"
wall-tabletop-picture-frames,Hanging Options,Appreciated the hanging options,"The ease and flexibility of hanging the frame. For example, including a hanging kit or offering different hanging methods.","{X} appreciated the hanging options, though {Y} found them confusing","Mounting, Installation"
wall-tabletop-picture-frames,Design,Liked the design,"The visual appeal and aesthetic design of the frame. For example, having a modern, classic, or rustic style.","{X} liked the design, though {Y} found it too plain","Aesthetics, Style"
wall-tabletop-picture-frames,Easiness to Assemble,Found it easy to assemble,"How simple it is to put the frame together. For example, having clear instructions or requiring minimal effort.","{X} found it easy to assemble, though {Y} struggled","Assembly, DIY"
wall-tabletop-picture-frames,Price,Happy with the price,"The affordability and value of the frame. For example, being competitively priced or offering good quality at a low cost.","{X} happy with the price, though {Y} thought it was too high","Value, Affordability"
wall-tabletop-picture-frames,Customization Options,Loved the customization options,"The availability and variety of customization options. For example, offering different sizes, shapes, or colors.","{X} loved the customization options, though {Y} found them limited","Personalization, Made-to-Order"
wall-tabletop-picture-frames,Durability,Impressed with the durability,"The frame's ability to withstand wear and tear. For example, being resistant to scratches, fading, or damage.","{X} impressed with the durability, though {Y} found it fragile","Sturdiness, Longevity"
wall-tabletop-picture-frames,Ease of Use,Found it easy to use,"How simple it is to use and maintain the frame. For example, having easy-to-clean surfaces or being easy to update with new photos.","{X} found it easy to use, though {Y} found it confusing","Usability, Maintenance"
webcams,Video Quality,Delivered crystal-clear video,"The clarity and resolution of the video captured by the webcam. For example, displaying vibrant colors and sharp images.","{X} delivered crystal-clear video, but {Y} experienced pixelation","Image Resolution, Video Clarity"
webcams,Audio Quality,Provided crisp and clear audio,"The quality of the audio captured by the webcam's microphone. For example, picking up voices clearly and reducing background noise.","{X} provided crisp and clear audio, though {Y} experienced static","Sound Quality, Voice Clarity"
webcams,Field of View,Offered a wide field of view,"The angle of view captured by the webcam's lens. For example, allowing multiple people to be visible in a single frame.","{X} offered a wide field of view, though {Y} found it narrow","Viewing Angle, Camera Angle"
webcams,Low-Light Performance,Performed well in low-light conditions,"The webcam's ability to capture clear video in dimly lit environments. For example, using advanced sensors or LED lights to enhance visibility.","{X} performed well in low-light conditions, but {Y} experienced graininess","Low-Light Sensitivity, Night Vision"
webcams,Connectivity,Connected seamlessly to devices,"The webcam's ability to easily connect to computers, laptops, or other devices. For example, using USB, Wi-Fi, or Bluetooth connectivity.","{X} connected seamlessly to devices, though {Y} experienceddropouts","Interface, Device Compatibility"
webcams,Durability,Built to last with durable construction,"The webcam's build quality and ability to withstand daily use. For example, having a sturdy base or a durable cord.","{X} built to last with durable construction, but {Y} experienced breakage","Build Quality, Material Durability"
webcams,Mounting Options,Offered flexible mounting options,"The webcam's ability to be mounted or clipped to various surfaces. For example, having a clip, stand, or adhesive mount.","{X} offered flexible mounting options, though {Y} found it difficult to secure","Mounting Flexibility, Adjustable Stand"
webcams,Motion Tracking,Accurately tracked motion,"The webcam's ability to track and follow the user's movements. For example, using facial recognition or gesture detection.","{X} accurately tracked motion, though {Y} experienced lag","Face Tracking, Gesture Recognition"
webcams,Security Features,Included robust security features,"The webcam's built-in security features. For example, having end-to-end encryption, two-factor authentication, or physical shutters.","{X} included robust security features, though {Y} were concerned about vulnerabilities","Privacy Protection, Data Encryption"
webcams,Software Compatibility,Worked seamlessly with popular software,"The webcam's ability to work with various video conferencing software. For example, being compatible with Zoom, Skype, or Google Meet.","{X} worked seamlessly with popular software, though {Y} experienced driver issues","App Compatibility, Driver Support"
wine-glasses,Glass Quality,Impressed by the glass quality,"The type and quality of glass used, affecting the clarity, durability, and overall drinking experience.","{X} impressed by the glass quality, though {Y} found it prone to chipping","Material, Clarity"
wine-glasses,Shape and Design,Loved the shape and design,"The physical design and shape of the glass, influencing the wine's aroma, flavor, and overall aesthetic appeal.","{X} loved the shape and design, although {Y} found it awkward to hold","Form, Aesthetics"
wine-glasses,Balance and Weight,Appreciated the balance and weight,"How comfortably the glass sits in the hand, affecting the drinking experience and overall enjoyment.","{X} appreciated the balance and weight, though {Y} found it too heavy","Ergonomics, Heft"
wine-glasses,Rim Quality,Pleased with the rim quality,"The quality of the glass rim, affecting the wine's flavor, aroma, and overall sipping experience.","{X} pleased with the rim quality, although {Y} found it rough","Lip, Edge"
wine-glasses,Capacity,Liked the capacity,"The volume of wine the glass can hold, influencing the drinking experience and sharing with others.","{X} liked the capacity, though {Y} found it too small","Volume, Size"
wine-glasses,Dishwasher Safety,Appreciated the dishwasher safety,"Whether the glass is safe for washing in a dishwasher, affecting convenience and maintenance.","{X} appreciated the dishwasher safety, although {Y} had issues with chipping","Machine Washable, Durability"
wine-glasses,Value for Money,Felt it was a great value,"The perceived value of the wine glass, considering its quality, price, and overall performance.","{X} felt it was a great value, though {Y} found it overpriced","Price-Performance, Affordability"
wine-glasses,Presentation,Impressed by the presentation,"The visual appeal and presentation of the wine glass, influencing the overall dining experience.","{X} impressed by the presentation, although {Y} found it lacking","Aesthetics, Visual Appeal"
wine-glasses,Durability,Pleased with the durability,"The wine glass's ability to withstand regular use, washing, and handling without chipping, cracking, or breaking.","{X} pleased with the durability, though {Y} experienced breakage","Longevity, Robustness"
wine-glasses,Brand Reputation,Trusted the brand reputation,"The manufacturer's reputation for producing high-quality wine glasses, influencing the buyer's confidence in the product.","{X} trusted the brand reputation, although {Y} had doubts","Manufacturer Credibility, Brand Trust"
wireless-bluetooth-speakers,Sound Quality,Delivered crisp and clear sound,"The quality of the speaker's audio output. For example, being clear, balanced, and free from distortion.","{X} enjoyed the sound quality, but {Y} found it lacking bass","Audio Performance, Fidelity"
wireless-bluetooth-speakers,Battery Life,Impressed with the long battery life,"The duration of time the speaker can operate on a single charge. For example, lasting all day or multiple days.","{X} were impressed with the battery life, though {Y} found it drained quickly","Power Endurance, Playtime"
wireless-bluetooth-speakers,Portability,Loved its compact and lightweight design,"The ease of carrying and transporting the speaker. For example, being small, lightweight, and easy to pack.","{X} loved its portability, but {Y} found it too bulky","Compactness, Travel-Friendliness"
wireless-bluetooth-speakers,Water Resistance,Appreciated its water-resistant design,"The speaker's ability to withstand exposure to water or moisture. For example, being waterproof or splash-proof.","{X} appreciated its water resistance, although {Y} found it not fully waterproof","Moisture Protection, Splash-Proofing"
wireless-bluetooth-speakers,Pairing and Connectivity,Easy to pair and connect,"The process of linking the speaker to a device via Bluetooth or other means. For example, being quick, seamless, and reliable.","{X} found pairing easy, but {Y} experienced connection issues","Bluetooth Performance, Wireless Connectivity"
wireless-bluetooth-speakers,Build Quality,Impressed with the solid build,"The quality of the speaker's construction and materials. For example, being durable, sturdy, and well-made.","{X} impressed with the build quality, though {Y} found it flimsy","Durability, Material Quality"
wireless-bluetooth-speakers,Volume and Power,Delivered plenty of volume and power,The speaker's ability to produce sufficient volume and power to fill a room or outdoor space.,"{X} enjoyed the volume and power, but {Y} found it lacking","Loudness, Wattage"
wireless-bluetooth-speakers,Additional Features,Liked the extra features,"The presence of additional features beyond basic Bluetooth speaker functionality. For example, having a microphone, built-in FM radio, or LED lights.","{X} liked the extra features, but {Y} found them unnecessary","Extras, Bonus Functions"
wireless-bluetooth-speakers,Compact Size,Loved its compact size,The speaker's physical dimensions and how they impact its portability and usability.,"{X} loved its compact size, but {Y} found it too small","Miniaturization, Shrunk Size"
wireless-bluetooth-speakers,Multi-Speaker Capability,Enjoyed the ability to connect multiple speakers,"The speaker's ability to connect to and synchronize with other speakers. For example, creating a stereo pair or multi-room setup.","{X} enjoyed the multi-speaker capability, though {Y} found it difficult to set up","Stereo Pairing, Multi-Room Audio"
womens-athletic-outdoor-sandals-slides,Arch Support,Offered excellent arch support,The degree to which the sandal provides support and stability for the arch of the foot.,"{X} praised the arch support, though {Y} found it lacking","Foot Alignment, Instep Support"
womens-athletic-outdoor-sandals-slides,Cushioning,Provided exceptional cushioning,The level of comfort and shock absorption provided by the sandal's midsole and outsole.,"{X} praised the cushioning, though {Y} found it inadequate","Shock Absorption, Comfort"
womens-athletic-outdoor-sandals-slides,Breathability,Liked the breathability,"The ability of the sandal to allow air to circulate and moisture to escape, preventing blisters and discomfort.","{X} liked the breathability, though {Y} found it lacking","Ventilation, Airflow"
womens-athletic-outdoor-sandals-slides,Traction,Provided excellent traction,The sandal's grip and ability to provide stability on various surfaces.,"{X} praised the traction, though {Y} found it slippery","Grip, Stability"
womens-athletic-outdoor-sandals-slides,Adjustability,Liked the adjustability,"The ability to customize the fit of the sandal using straps, buckles, or other mechanisms.","{X} liked the adjustability, though {Y} found it limited","Customizable Fit, Secure Fastening"
womens-athletic-outdoor-sandals-slides,Weight,Appreciated the lightweight design,"The overall weight of the sandal, affecting comfort and ease of wear.","{X} appreciated the lightweight design, though {Y} found it heavy","Lightness, Portability"
womens-athletic-outdoor-sandals-slides,Slip-Resistance,Praised the slip-resistance,The sandal's ability to prevent slipping on smooth or wet surfaces.,"{X} praised the slip-resistance, though {Y} found it lacking","Slip-Prevention, Traction"
womens-athletic-outdoor-sandals-slides,Durability,Liked the durability,"The sandal's ability to withstand wear and tear, including resistance to scratches and tears.","{X} liked the durability, though {Y} found it flimsy","Long-Lasting, Resistance to Wear"
womens-athletic-outdoor-sandals-slides,Comfort,Found it extremely comfortable,The overall comfort and relaxation provided by the sandal during wear.,"{X} found it extremely comfortable, though {Y} found it uncomfortable","Relaxation, Cozy"
womens-athletic-outdoor-sandals-slides,Style,Liked the stylish design,The aesthetic appeal and fashionability of the sandal.,"{X} liked the stylish design, though {Y} found it unattractive","Fashion Sense, Visual Appeal"
womens-bikini-sets,Fit,Flattered my figure perfectly,"How well the bikini set fits the body, including the sizing, comfort, and support.","{X} flattered my figure, although {Y} found it a bit tight","Size Accuracy, Comfortable Fit"
womens-bikini-sets,Material Quality,Loved the material quality,"The quality of the fabric used in the bikini set, including its softness, stretchiness, and durability.","{X} loved the material quality, but {Y} thought it was thin","Fabric Durability, Softness"
womens-bikini-sets,Support,Provided excellent support,"The level of support the bikini top provides, including the coverage, lift, and separation.","{X} provided excellent support, although {Y} needed more coverage","Chest Support, Coverage"
womens-bikini-sets,Style,Loved the trendy design,"The visual appeal and fashionability of the bikini set, including its color, pattern, and design elements.","{X} loved the trendy design, but {Y} found it too bold","Aesthetics, Fashionability"
womens-bikini-sets,Colorfastness,Colors didn't fade quickly,"The resistance of the fabric color to fading or running, especially when exposed to water or sunlight.","{X} colors didn't fade quickly, although {Y} noticed some bleeding","Dye Stability, Color Retention"
womens-bikini-sets,Adjustability,Adjusted perfectly to my body,"The ability of the bikini set to adjust to the wearer's body, including the straps, ties, and bands.","{X} adjusted perfectly, although {Y} found the straps too short","Customizable Fit, Adjustable Straps"
womens-bikini-sets,Quick Drying,Dried quickly after swimming,"How fast the bikini set dries after exposure to water, including its ability to evaporate moisture quickly.","{X} dried quickly, although {Y} found it took a bit longer","Moisture Wicking, Fast Drying"
womens-bikini-sets,Comfort,Felt comfortable all day,"The overall comfort of the bikini set, including its softness, flexibility, and ability to move freely.","{X} felt comfortable, although {Y} experienced some chafing","Softness, Flexibility"
womens-bikini-sets,Value for Money,Worth every penny,"The perceived value of the bikini set, including its quality, price, and overall satisfaction.","{X} worth every penny, although {Y} thought it was overpriced","Price-Quality Ratio, Bang for Buck"
womens-bikini-sets,Packaging,Came with a convenient carrying bag,"The way the bikini set is packaged, including any additional accessories or packaging materials.","{X} came with a convenient carrying bag, although {Y} thought the packaging was excessive","Unpacking Experience, Accessories"
womens-casual-dresses,Fit,Fit perfectly and flattered my figure,"How well the dress fits the body, including its size, length, and overall silhouette.","{X} said it fit perfectly, but {Y} found it ran small","Size, Silhouette, Body Skimming"
womens-casual-dresses,Comfort,Was extremely comfortable to wear,"How comfortable the dress is to wear, including its fabric, cut, and overall design.","{X} said it was comfortable, but {Y} found the fabric Scratchy","Softness, Breathability, Wearability"
womens-casual-dresses,Style,Loved the stylish design,"The dress's fashion appeal, including its cut, color, pattern, and overall aesthetic.","{X} loved the style, but {Y} thought it was outdated","Fashion, Aesthetics, Visual Appeal"
womens-casual-dresses,Material,High-quality material that draped well,"The type and quality of the fabric used, including its texture, weight, and drape.","{X} praised the material, while {Y} thought it was cheaply made","Fabric Quality, Texture, Drape"
womens-casual-dresses,Length,Perfect length for my height,"The dress's length, including its suitability for different body types and occasions.","{X} said it was the perfect length, but {Y} found it too short","Hemline, Silhouette, Proportion"
womens-casual-dresses,Versatility,Can be dressed up or down,"The dress's ability to be worn in different settings, including its suitability for various occasions.","{X} said it was versatile, but {Y} thought it was only for casual events","Adaptability, Occasion-Suitability, Multipurpose"
womens-casual-dresses,Color,Loved the vibrant color,"The dress's color, including its vibrancy, accuracy, and overall appeal.","{X} loved the color, but {Y} thought it was not true to the picture","Hue, Shade, Pigmentation"
womens-casual-dresses,Sleeve Style,Appreciated the comfortable sleeve style,"The style and design of the sleeves, including their comfort, length, and overall appeal.","{X} appreciated the sleeve style, but {Y} thought they were too puffy","Sleeve Length, Sleeve Fit, Armhole Comfort"
womens-casual-dresses,Neckline,Flattering neckline that framed my face,"The style and design of the neckline, including its flattering qualities and overall appeal.","{X} said it was flattering, but {Y} thought it was too low-cut","Neckline Style, Neckline Depth, Face Framing"
womens-casual-dresses,Pockets,Loved the convenient pockets,"The presence and functionality of pockets, including their size, placement, and overall usefulness.","{X} loved the pockets, but {Y} thought they were too small","Practicality, Storage, Hand Convenience"
womens-down-jackets-parkas,Warmth,Provided exceptional warmth even in freezing temperatures,How well the jacket retains body heat and keeps the wearer warm in cold conditions.,"{X} stayed warm, but {Y} felt it wasn't warm enough","Insulation, Thermal Insulation"
womens-down-jackets-parkas,Water Resistance,Impressed by its water-resistant performance,The ability of the jacket to repel water and prevent it from penetrating the fabric.,"{X} impressed by its water resistance, though {Y} experienced leaks","Waterproofing, Moisture Protection"
womens-down-jackets-parkas,Fit and Sizing,Fit was perfect and comfortable,"How well the jacket fits the wearer, including the accuracy of sizing and comfort.","{X} fit was perfect, but {Y} found it too tight/loose","Comfort Fit, Tailoring"
womens-down-jackets-parkas,Durability,Built to last with high-quality materials,"The overall durability and construction quality of the jacket, including the materials used.","{X} built to last, but {Y} experienced wear and tear","Staying Power, Longevity"
womens-down-jackets-parkas,Breathability,"Breathability is excellent, preventing overheating","The ability of the jacket to allow moisture to escape, preventing overheating and discomfort.","{X} breathability is excellent, though {Y} felt it was lacking","Moisture Management, Air Permeability"
womens-down-jackets-parkas,Style and Design,Loved the stylish design and color options,"The visual appeal and aesthetic design of the jacket, including color options and style.","{X} loved the design, but {Y} found it too plain","Aesthetics, Fashionability"
womens-down-jackets-parkas,Hood Quality,Hood is adjustable and fits perfectly,"The quality and functionality of the hood, including its adjustability and fit.","{X} hood is great, but {Y} found it too small/large","Hood Design, Head Protection"
womens-down-jackets-parkas,Pocket Space and Organization,Pockets are spacious and well-organized,"The number, size, and organization of the pockets, including their usability and accessibility.","{X} pockets are great, though {Y} found them too small/lacking","Storage, Compartmentalization"
womens-down-jackets-parkas,Weight and Packability,Lightweight and packs down small for easy storage,"The weight and packability of the jacket, including its compressibility and storage convenience.","{X} lightweight and packable, but {Y} found it too bulky","Portability, Compactness"
womens-down-jackets-parkas,Wind Resistance,Effective wind resistance kept me protected,The ability of the jacket to block wind and prevent it from penetrating the fabric.,"{X} wind resistance is great, but {Y} felt it was lacking","Windproofing, Wind Blocking"
womens-jumpsuits,Fit,"Fits perfectly, flatters my figure","How well the jumpsuit fits the body, including the comfort, flexibility, and accuracy of the size.","{X} found it fitted perfectly, but {Y} thought it ran small","Size Accuracy, Comfortable Fit"
womens-jumpsuits,Material Quality,Loved the soft and breathable material,"The quality of the fabric used to make the jumpsuit, including its softness, breathability, and durability.","{X} loved the material, though {Y} found it scratchy","Fabric Durability, Texture"
womens-jumpsuits,Style,Adored the stylish design,"The visual appeal and aesthetic of the jumpsuit, including its color, pattern, and overall look.","{X} adored the style, though {Y} thought it was too trendy","Fashionable, Chic"
womens-jumpsuits,Comfort,Extremely comfortable to wear all day,"How comfortable the jumpsuit is to wear, including its flexibility, stretchiness, and overall wearability.","{X} found it comfortable, but {Y} experienced discomfort","Wearability, Flexibility"
womens-jumpsuits,Versatility,Can dress it up or down,"The ability to wear the jumpsuit in various settings, including formal events, casual gatherings, and daily activities.","{X} can dress it up or down, though {Y} thought it was limited","Multi-Purpose, Adaptability"
womens-jumpsuits,Pockets,Loved the functional pockets,"The presence and functionality of pockets in the jumpsuit, including their size, accessibility, and usefulness.","{X} loved the pockets, but {Y} thought they were small","Storage, Practicality"
womens-jumpsuits,Zipper and Closure,Easy to zip and close,The functionality and ease of use of the zipper and closure system in the jumpsuit.,"{X} found it easy to zip and close, but {Y} struggled","Zip Quality, Closure Mechanism"
womens-jumpsuits,Adjustability,Adjustable straps for a perfect fit,"The ability to adjust the jumpsuit's straps, waist, or other features to achieve a customized fit.","{X} appreciated the adjustability, though {Y} found it limited","Customization, Flexibility"
womens-jumpsuits,Washability,Easy to wash and care for,"The ease of washing and maintaining the jumpsuit, including its durability and resistance to stains.","{X} found it easy to wash, but {Y} experienced shrinkage","Care Instructions, Maintenance"
womens-jumpsuits,Value for Money,Worth every penny,"The balance between the jumpsuit's price and its quality, features, and overall value.","{X} thought it was worth every penny, though {Y} found it overpriced","Price-Performance Ratio, Affordability"
womens-minimizer-bras,Comfort,Provided all-day comfort,"How well the bra fits and feels during wear, including factors like padding, straps, and material.","{X} found it comfortable, though {Y} experienced digging","Fit, Wearability"
womens-minimizer-bras,Support,Offered excellent support,"The bra's ability to provide lift, separation, and stability for the breasts.","{X} appreciated the support, though {Y} felt it was lacking","Lift, Stability"
womens-minimizer-bras,Minimization,Effective at minimizing bust,"The bra's ability to reduce the appearance of the bust, providing a more streamlined silhouette.","{X} liked the minimization, although {Y} didn't notice a difference","Bust Reduction, Slimming Effect"
womens-minimizer-bras,Adjustability,Easy to adjust for a perfect fit,The bra's ability to be adjusted to fit individual body types and preferences.,"{X} appreciated the adjustability, though {Y} found it limited","Customizable Fit, Adaptability"
womens-minimizer-bras,Material Quality,"Loved the soft, breathable material","The quality and feel of the bra's material, including factors like softness, breathability, and durability.","{X} loved the material, though {Y} found it scratchy","Fabric, Texture"
womens-minimizer-bras,Style,Looked great under clothing,"The bra's aesthetic appeal, including factors like color, shape, and design.","{X} liked the style, though {Y} found it boring","Aesthetics, Design"
womens-minimizer-bras,Wire Comfort,Wire was comfortable against skin,"The comfort and feel of the bra's wire, including factors like padding and flexibility.","{X} found the wire comfortable, though {Y} experienced digging","Wire Feel, Underwire Comfort"
womens-minimizer-bras,Size Range,Offered a wide range of sizes,"The availability of the bra in various sizes, including options for women with different body types.","{X} appreciated the size range, though {Y} had trouble finding a fit","Size Options, Inclusive Sizing"
womens-minimizer-bras,Durability,Lasted for a long time,"The bra's ability to withstand wear and tear, including factors like washing and daily use.","{X} appreciated the durability, though {Y} experienced wear early on","Longevity, Resistance to Wear"
womens-minimizer-bras,Value,Great value for the price,"The bra's price relative to its quality, features, and performance.","{X} thought it was a great value, though {Y} felt it was overpriced","Price Quality Ratio, Affordability"
womens-pullover-sweaters,Fit,Fits perfectly and flatters the figure,"How well the sweater fits the body, including its length, width, and overall silhouette.","{X} said it fits perfectly, but {Y} found it too tight/loose","Size, Proportion, Silhouette"
womens-pullover-sweaters,Material Quality,Loved the soft and cozy material,"The quality and feel of the sweater's material, including its softness, warmth, and breathability.","{X} loved the material, but {Y} found it itchy","Fabric, Texture, Feel"
womens-pullover-sweaters,Warmth,Kept me warm on chilly days,"How well the sweater provides warmth and insulation, including its ability to retain body heat.","{X} said it kept them warm, but {Y} found it lacking","Insulation, Thermal Performance"
womens-pullover-sweaters,Style,Looks great with jeans or skirts,"The sweater's aesthetic appeal, including its design, color, and overall fashionability.","{X} liked the style, but {Y} found it unflattering","Design, Fashion, Look"
womens-pullover-sweaters,Durability,Withstood multiple washes and wears,"How well the sweater withstands regular use, including its resistance to pilling, snagging, and fading.","{X} said it's durable, but {Y} experienced pilling","Longevity, Wear and Tear, Endurance"
womens-pullover-sweaters,Ease of Care,Easy to wash and dry,"How simple it is to care for the sweater, including its washing and drying instructions.","{X} found it easy to care for, but {Y} had issues with shrinkage","Maintenance, Care Instructions"
womens-pullover-sweaters,Comfort,"So comfortable, I forgot I was wearing it","How comfortable the sweater is to wear, including its feel against the skin and its overall wearability.","{X} said it's comfortable, but {Y} found it restrictive","Wearability, Softness, Cozy"
womens-pullover-sweaters,Versatility,Pairs well with dresses or leggings,"How versatile the sweater is, including its ability to be worn with different types of clothing and in various settings.","{X} liked its versatility, but {Y} found it limiting","Styling Options, Mix-and-Match"
womens-pullover-sweaters,Color Options,Loved the variety of colors to choose from,"The range of colors available for the sweater, including its ability to match different skin tones and personal styles.","{X} loved the color options, but {Y} wanted more choices","Color Palette, Hue Options"
womens-pullover-sweaters,Value,Great quality for the price,"The sweater's value for money, including its quality, price, and overall affordability.","{X} said it's a great value, but {Y} thought it was overpriced","Price-Performance Ratio, Cost-Effectiveness"
