category_slug,ASIN
food-processor,B06Y2GZWCJ
food-processor,B01LZIHVTC
food-processor,B0000645YM
food-processor,B00939I7EK
food-processor,B008J8MJIQ
food-processor,B003XU3C7M
food-processor,B0CGHVDHBC
food-processor,B089TP3K77
food-processor,B09X278W9V
food-processor,B0CXPZF5TV
food-processor,B07BW1ZPB5
food-processor,B00006IUX0
food-processor,B07N5K61F4
food-processor,B0BBRNLYFH
food-processor,B07WDJNWXZ
food-processor,B0CN38CKQH
food-processor,B09WR46VNL
food-processor,B0CRSXG3L4
food-processor,B08R9HDYM6
food-processor,B005I6ZKCE
food-processor,B07L6PDJFV
food-processor,B08R9HDYM6
food-processor,B0BN9VZCB5
food-processor,B09F1M6BKM
food-processor,B00BTZIPN4
food-processor,B00004S9CJ
food-processor,B00000JGRP
food-processor,B08B28WKNM
food-processor,B09WR46VNL
food-processor,B00LUFSSVW
food-processor,B08ZDQXXXB
food-processor,B098RDGJNQ
food-processor,B082TSSPWK
food-processor,B08D9W68QW
food-processor,B07P8GCC4Y
food-processor,B01LZ6QN28
food-processor,B09F74BXMQ
food-processor,B0723B8BJM
food-processor,B08F9ZKFPG
food-processor,B08JG4CKJN
food-processor,B07SRJYBG5
food-processor,B00755KNCS
food-processor,B08MB664XB
food-processor,B06Y2GZWCJ
food-processor,B00KHLN7K2
food-processor,B08NWL2148
food-processor,B09HJVX3TB
food-processor,B07RPMVDGX
food-processor,B07H4K499J
food-processor,B09132Y1TX
food-processor,B078K7453G
food-processor,B08F5CYKCQ
food-processor,B0000645YM
food-processor,B01AXM4WV2
food-processor,B08559K7CN
food-processor,B08C41Q414
food-processor,B09SBSGLSS
food-processor,B00WA4UI42
food-processor,B01EEK8MOW
food-processor,B0038KPRG6
food-processor,B0C57KZP8X
food-processor,B09TDFD1R7
food-processor,B0C772QBZV
food-processor,B0CSYVGP9S
food-processor,B0CBJH8H7C
food-processor,B0C284939C
food-processor,B0C785FXRF
food-processor,B0CRR69GMQ
food-processor,B0D1JYLS5V
baby-stationary-activity-centers,B01J94K9OY
baby-stationary-activity-centers,B07HL299YS
baby-stationary-activity-centers,B00VDP9EB2
baby-stationary-activity-centers,B07H618PK4
baby-stationary-activity-centers,B01EUNA0WK
baby-stationary-activity-centers,B01GRXYI6K
baby-stationary-activity-centers,B08NG2XXP2
baby-stationary-activity-centers,B09RNFKZQV
baby-stationary-activity-centers,B08WQB3JQW
baby-stationary-activity-centers,B08NVJKZ6W
baby-stationary-activity-centers,B07QZSDWXW
baby-stationary-activity-centers,B07DTSRFWH
baby-stationary-activity-centers,B01MZ2NB81
baby-stationary-activity-centers,B0D2LKLMFN
baby-stationary-activity-centers,B0B5JZGSK2
baby-stationary-activity-centers,B09MYJJHHC
baby-stationary-activity-centers,B0BT1WSSC2
baby-stationary-activity-centers,B00AJSJE6O
baby-stationary-activity-centers,B0BTN1NH1Y
baby-stationary-activity-centers,B0CV9DNPZ1
baby-stationary-activity-centers,B01L2WF0V8
baby-stationary-activity-centers,B00AJSJC9S
baby-stationary-activity-centers,B0BDHHSHSP
baby-stationary-activity-centers,B0BJ63ZXDB
baby-stationary-activity-centers,B006PB2H2C
baby-stationary-activity-centers,B0CHDSFZP3
baby-stationary-activity-centers,B014D4H7C2
baby-stationary-activity-centers,B0C27PXGGV
baby-stationary-activity-centers,B0CLQKD8MJ
baby-stationary-activity-centers,B0CBL1JXKS
baby-stationary-activity-centers,B0BJ8T8XYW
baby-stationary-activity-centers,B07B18STP6
baby-stationary-activity-centers,B00Y1QE1FE
baby-stationary-activity-centers,B08L33J8MH
baby-stationary-activity-centers,B00OC8B1IQ
baby-stationary-activity-centers,B00GSX1SL8
baby-stationary-activity-centers,B00NFETGM6
baby-stationary-activity-centers,B0CV9RMSL1
baby-stationary-activity-centers,B098J854M3
baby-stationary-activity-centers,B09JVCG7R1
baby-stationary-activity-centers,B000LXQVA4
womens-foil-shavers,B00K3FFIOA
womens-foil-shavers,B097DK38DP
womens-foil-shavers,B09DLCMLRL
womens-foil-shavers,B01CNQTALI
womens-foil-shavers,B093D8JSD7
womens-foil-shavers,B004Q3PUJI
womens-foil-shavers,B0B6456LZB
womens-foil-shavers,B0B643VHJS
womens-foil-shavers,B0CG1ZZ7PK
womens-foil-shavers,B0CF5JQVCG
womens-foil-shavers,B07NWK5KK9
womens-foil-shavers,B002HWS4R0
womens-foil-shavers,B006SFJRVO
womens-foil-shavers,B0BJ17FS7C
womens-foil-shavers,B0B7683FZX
womens-foil-shavers,B0B41J31GN
womens-foil-shavers,B08HWBR9P4
womens-foil-shavers,B0BBVG28SR
womens-foil-shavers,B08BHM867Q
womens-foil-shavers,B07THSGQ8X
womens-foil-shavers,B08HHGS73T
womens-foil-shavers,B0BKPZ2L3S
womens-foil-shavers,B08JGW7BJT
womens-foil-shavers,B0CHFVW8PT
womens-foil-shavers,B0BJ973Y1J
womens-foil-shavers,B07VC37124
womens-foil-shavers,B0CZ3T3VBN
womens-foil-shavers,B0CSDZP9Z3
womens-foil-shavers,B0C37D96PG
womens-foil-shavers,B0C2JSVTH8
womens-foil-shavers,B0CTMNNM5F
womens-foil-shavers,B0CKR5KM7T
womens-foil-shavers,B0CGV2BXS1
womens-foil-shavers,B0C23X1G2W
womens-foil-shavers,B0CWRXYJNZ
womens-foil-shavers,B0CSWV5NQD
womens-foil-shavers,B0D3DNH9MJ
womens-foil-shavers,B0D5CFQ4HH
womens-foil-shavers,B0CZ8WT6LF
womens-foil-shavers,B0D4VM75QC
womens-foil-shavers,B0CR9Q4F1G
womens-foil-shavers,B0CR1K8QCK
womens-foil-shavers,B0CLGMLX9D
womens-foil-shavers,B0CPHZZQR7
womens-foil-shavers,B0CXLHHY9P
womens-foil-shavers,B0BHT1XDSN
womens-foil-shavers,B001DBBC84
womens-foil-shavers,B0C6DW57JS
womens-foil-shavers,B0CRV9V3Z4
womens-foil-shavers,B01IH4SB4M
womens-foil-shavers,B0CMTD1VW6
womens-foil-shavers,B0D6YP8G75
womens-foil-shavers,B0CTQHH44M
womens-foil-shavers,B0CS2FLDG6
womens-foil-shavers,B0C7CHQDDF
womens-foil-shavers,B0BYMY7BGS
womens-foil-shavers,B0D6BDW4NQ
womens-foil-shavers,B0BVWG48GG
womens-foil-shavers,B0D5YZHXKW
womens-foil-shavers,B0D4ZGSJVW
womens-foil-shavers,B0CT8QYD4H
womens-foil-shavers,B096HXR5MV
womens-foil-shavers,B0BZ437QG8
womens-foil-shavers,B0D6Z68SL4
womens-foil-shavers,B0C5TJYG79
womens-foil-shavers,B0BX9412NY
womens-foil-shavers,B09P8WW47Q
womens-foil-shavers,B004EF00YS
womens-foil-shavers,B07LCLWDQC
womens-foil-shavers,B0D2PDYFWP
womens-foil-shavers,B0CSMDDKPT
womens-foil-shavers,B0CWRXNJS3
womens-foil-shavers,B0D6WKBQ82
tongue-and-groove-pliers,B08DL764J3
tongue-and-groove-pliers,B0B22Y62TX
tongue-and-groove-pliers,B000X4PU26
tongue-and-groove-pliers,B00004SBCU
tongue-and-groove-pliers,B00011V0GG
tongue-and-groove-pliers,B097C98LCT
tongue-and-groove-pliers,B08L6R4MWQ
tongue-and-groove-pliers,B000040OUZ
tongue-and-groove-pliers,B081K8WFTF
tongue-and-groove-pliers,B00002N5JF
tongue-and-groove-pliers,B08B656J9M
tongue-and-groove-pliers,B0030XMFJI
tongue-and-groove-pliers,B0009WG5SU
tongue-and-groove-pliers,B00004SBCS
tongue-and-groove-pliers,B00MBIXFNS
tongue-and-groove-pliers,B003GDIDMU
tongue-and-groove-pliers,B07QN1PYYM
tongue-and-groove-pliers,B000X4PU80
tongue-and-groove-pliers,B08528RS3N
tongue-and-groove-pliers,B08BRYQWK7
tongue-and-groove-pliers,B00002N5JF
tongue-and-groove-pliers,B00TJQKWYU
tongue-and-groove-pliers,B006KRKD3G
tongue-and-groove-pliers,B000JNRPRO
tongue-and-groove-pliers,B07W6JSKVK
tongue-and-groove-pliers,B08G89N389
tongue-and-groove-pliers,B00004SBCX
tongue-and-groove-pliers,B00OYQ2YOG
tongue-and-groove-pliers,B000X4PUCQ
tongue-and-groove-pliers,B08JMDYKG1
tongue-and-groove-pliers,B000189GQU
tongue-and-groove-pliers,B0C4PTQ93Z
tongue-and-groove-pliers,B09B77GZMR
tongue-and-groove-pliers,B000A0OW22
tongue-and-groove-pliers,B09NMBQNSP
tongue-and-groove-pliers,B08BCTJ8VM
tongue-and-groove-pliers,B097C7W2YK
tongue-and-groove-pliers,B00KLY1IYC
tongue-and-groove-pliers,B008UOI5G4
tongue-and-groove-pliers,B00A8SHULG
tongue-and-groove-pliers,B0915ZSGK2
tongue-and-groove-pliers,B00004SBD0
tongue-and-groove-pliers,B00BJ4OS4A
tongue-and-groove-pliers,B08PFJ3CFG
tongue-and-groove-pliers,B07G2J4YQZ
tongue-and-groove-pliers,B000A0WM2E
tongue-and-groove-pliers,B005EXOK22
tongue-and-groove-pliers,B0756KZ6WQ
tongue-and-groove-pliers,B00V3B42PO
tongue-and-groove-pliers,B0B8PZZVWM
tongue-and-groove-pliers,B0BRZ8YDN4
tongue-and-groove-pliers,B00004SBCW
tongue-and-groove-pliers,B0B5LMBWZJ
tongue-and-groove-pliers,B093KD34LL
tongue-and-groove-pliers,B00BJ4OSTA
tongue-and-groove-pliers,B0B2RNJR91
tongue-and-groove-pliers,B08JMFGNSM
tongue-and-groove-pliers,B0B28X1FT5
tongue-and-groove-pliers,B0B24Z12GP
tongue-and-groove-pliers,B0CP2RX5N5
tongue-and-groove-pliers,B07QM9L5VR
tongue-and-groove-pliers,B01JBNBMAS
tongue-and-groove-pliers,B0CM5QK7Q2
tongue-and-groove-pliers,B0915X5K6W
tongue-and-groove-pliers,B076ZR7VW6
tongue-and-groove-pliers,B0001P0CJS
tongue-and-groove-pliers,B0CF9VDQ7D
tongue-and-groove-pliers,B09DJVNNND
tongue-and-groove-pliers,B00004SBCT
tongue-and-groove-pliers,B0B5FH5D7B
motorcycle-goggles,B07D3J77KP
motorcycle-goggles,B07CSDSSVC
motorcycle-goggles,B0BB9SVYGG
motorcycle-goggles,B08KGY2VWR
motorcycle-goggles,B0BHY35TLY
motorcycle-goggles,B074TTDC33
motorcycle-goggles,B01N8QASU4
motorcycle-goggles,B0CD7D8GG6
motorcycle-goggles,B07CSG6PQ5
motorcycle-goggles,B0BX573Z48
motorcycle-goggles,B087F1J9BC
motorcycle-goggles,B099RXX2CF
motorcycle-goggles,B0BYSTX4T9
motorcycle-goggles,B08DNM7GN8
motorcycle-goggles,B071LR7BGM
motorcycle-goggles,B07TQHYYQZ
motorcycle-goggles,B08ZCJTG7S
motorcycle-goggles,B07K521B4L
motorcycle-goggles,B0C5WCCLXT
motorcycle-goggles,B074ZR5JTF
motorcycle-goggles,B003CSM7DA
motorcycle-goggles,B09FGS5ZH1
motorcycle-goggles,B07GJM6Y5L
motorcycle-goggles,B0BGLSSQ9Y
motorcycle-goggles,B00239R96Y
motorcycle-goggles,B0BD1FJJQ4
motorcycle-goggles,B0BDDZPRZG
motorcycle-goggles,B091GWSBNJ
motorcycle-goggles,B085LTFJ54
motorcycle-goggles,B06Y61C5TN
motorcycle-goggles,B0BGHPSYCP
motorcycle-goggles,B076D5WJXV
motorcycle-goggles,B0BC7RPKKC
motorcycle-goggles,B0BDD8N33W
motorcycle-goggles,B000NOKNKA
motorcycle-goggles,B09M7QC1J1
motorcycle-goggles,B0915BZ5BS
motorcycle-goggles,B0CH12LF7B
motorcycle-goggles,B077BRNVY7
motorcycle-goggles,B09N9DXB87
motorcycle-goggles,B0CNXHF7PX
motorcycle-goggles,B0953B2YK9
motorcycle-goggles,B0CZLB5DNQ
motorcycle-goggles,B07J5W4GXD
motorcycle-goggles,B09NNJC8HM
motorcycle-goggles,B0B2F5R8G1
motorcycle-goggles,B0CGM2XMKD
motorcycle-goggles,B077YW8JCB
motorcycle-goggles,B0BVVFKQ77
motorcycle-goggles,B07V6D5ZWK
motorcycle-goggles,B09YD3WM2C
motorcycle-goggles,B07GJ7GSG6
motorcycle-goggles,B07R65H2JK
motorcycle-goggles,B07FZ443K6
motorcycle-goggles,B087DY7JDD
motorcycle-goggles,B06XS9S8VN
motorcycle-goggles,B00LU5FN3S
motorcycle-goggles,B08NVW399Z
motorcycle-goggles,B0C995WWXZ
motorcycle-goggles,B09LCK86YK
motorcycle-goggles,B0BQXBTR3B
motorcycle-goggles,B0C54KHL8B
motorcycle-goggles,B09Y88ZDDK
motorcycle-goggles,B0C6MDNFWN
motorcycle-goggles,B09CGZC9CD
motorcycle-goggles,B099Y3X8VM
motorcycle-goggles,B0C72G5PHP
motorcycle-goggles,B07J5RBK8Y
motorcycle-goggles,B096LJFYV8
motorcycle-goggles,B08BS4CJB3
ammunition-magazine-pouches,B09R63C91K
ammunition-magazine-pouches,B00HVDFSQ0
ammunition-magazine-pouches,B0002IKANW
ammunition-magazine-pouches,B0B7JBN3S9
ammunition-magazine-pouches,B001F0GF4E
ammunition-magazine-pouches,B07D6NDKND
ammunition-magazine-pouches,B09B5N1YGG
ammunition-magazine-pouches,B09DPTGJHF
ammunition-magazine-pouches,B0016814WS
ammunition-magazine-pouches,B08FCZGC9K
ammunition-magazine-pouches,B075ZL1MY5
ammunition-magazine-pouches,B08B8NXCCG
ammunition-magazine-pouches,B08QHQD5ZS
ammunition-magazine-pouches,B07YZ12WK3
ammunition-magazine-pouches,B099DBY1S1
ammunition-magazine-pouches,B01KOEN0RQ
ammunition-magazine-pouches,B07T3XKF7J
ammunition-magazine-pouches,B0B7WCJFDJ
ammunition-magazine-pouches,B094J3T13R
ammunition-magazine-pouches,B0CVV6J1PS
ammunition-magazine-pouches,B018VUSVSI
ammunition-magazine-pouches,B098SXWGK6
ammunition-magazine-pouches,B0B2NQTQLT
ammunition-magazine-pouches,B002Q8CJPI
ammunition-magazine-pouches,B09ZQ54NM9
ammunition-magazine-pouches,B0BPB1LRZQ
ammunition-magazine-pouches,B00I1TWVV8
ammunition-magazine-pouches,B0839614LN
ammunition-magazine-pouches,B075ZM6CX1
ammunition-magazine-pouches,B0C62KCXDF
ammunition-magazine-pouches,B0BYD5WBDX
ammunition-magazine-pouches,B083RXPV8C
ammunition-magazine-pouches,B07PNJSMJF
ammunition-magazine-pouches,B07JR1Q4ZM
ammunition-magazine-pouches,B088NQ88B6
ammunition-magazine-pouches,B08Q3FNZKX
ammunition-magazine-pouches,B0CLJHFGMX
ammunition-magazine-pouches,B072MLP42Q
ammunition-magazine-pouches,B098SPSDZV
ammunition-magazine-pouches,B09LQYCD34
ammunition-magazine-pouches,B08M8ZVPB1
ammunition-magazine-pouches,B07QY3MCDW
ammunition-magazine-pouches,B07F2TDY1Z
ammunition-magazine-pouches,B0BDFFD96D
ammunition-magazine-pouches,B0CSFDGLRQ
ammunition-magazine-pouches,B08THTJTF5
ammunition-magazine-pouches,B0B7P83LDB
ammunition-magazine-pouches,B004DT3KJC
ammunition-magazine-pouches,B08F9QRB26
ammunition-magazine-pouches,B07L4P2P15
ammunition-magazine-pouches,B09QHRVBGB
ammunition-magazine-pouches,B017US6Q16
ammunition-magazine-pouches,B0BKQGDP4V
ammunition-magazine-pouches,B01GQXSEBG
ammunition-magazine-pouches,B0CMG7RVL9
ammunition-magazine-pouches,B0C9ZSQ2YW
ammunition-magazine-pouches,B0C1WXXF5J
ammunition-magazine-pouches,B091MVV6CS
ammunition-magazine-pouches,B0B4GRD5V1
ammunition-magazine-pouches,B093B47SNY
ammunition-magazine-pouches,B0B211KY3J
ammunition-magazine-pouches,B0CQLQ4YQ6
ammunition-magazine-pouches,B07H1Q2K5L
ammunition-magazine-pouches,B07WHN74TW
ammunition-magazine-pouches,B0714J45QS
ammunition-magazine-pouches,B0000C53GH
ammunition-magazine-pouches,B01EY5CEK0
ammunition-magazine-pouches,B0CV3L1D2V
ammunition-magazine-pouches,B08XXQSJTQ
ammunition-magazine-pouches,B0BRPX8VXQ
ammunition-magazine-pouches,B0B7B57HPY
ammunition-magazine-pouches,B078P4ZRD2
ammunition-magazine-pouches,B0CTKXDC4Z
ammunition-magazine-pouches,B00Y72JH42
mens-henley-shirts,B08CGQ1Q6F
mens-henley-shirts,B002GHC1IY
mens-henley-shirts,B0BZZ2SF1W
mens-henley-shirts,B071J38FYV
mens-henley-shirts,B07992113V
mens-henley-shirts,B010277HJW
mens-henley-shirts,B0CCDW9NHB
mens-henley-shirts,B0CKQF5T21
mens-henley-shirts,B0CMGZYLHN
mens-henley-shirts,B091YQQWYC
mens-henley-shirts,B0CLVKWYCB
mens-henley-shirts,B0CBWM6VVM
mens-henley-shirts,B07BWH7HQF
mens-henley-shirts,B07PQFMYCB
mens-henley-shirts,B0CF2F53HF
mens-henley-shirts,B09ZJW7YRW
mens-henley-shirts,B08QS8RHMY
mens-henley-shirts,B07KMRFTKQ
mens-henley-shirts,B0BB81SWTV
mens-henley-shirts,B075JQDSZK
mens-henley-shirts,B087CNM53L
mens-henley-shirts,B0CKHM35R8
mens-henley-shirts,B084GHV4NN
mens-henley-shirts,B0BKNC8691
mens-henley-shirts,B07KQRXV76
mens-henley-shirts,B0C5J2N6QL
mens-henley-shirts,B002GHC1M0
mens-henley-shirts,B0CY5F9FKG
mens-henley-shirts,B08QYT7W9Y
mens-henley-shirts,B0CZSDZ654
mens-henley-shirts,B0CKVVFQ8W
mens-henley-shirts,B0C5J3DRFV
mens-henley-shirts,B0CRPDB7C2
mens-henley-shirts,B0CYPMJ2V9
mens-henley-shirts,B0BLVHCT78
mens-henley-shirts,B0BLVSGDZ3
mens-henley-shirts,B09N9CLG53
mens-henley-shirts,B0CNRBM42N
mens-henley-shirts,B0CSWS3W5D
mens-henley-shirts,B0BQMTW31X
mens-henley-shirts,B0CYZTKW6J
mens-henley-shirts,B09NVWG4C1
mens-henley-shirts,B0CNVMZ26J
mens-henley-shirts,B075JXSLFP
mens-henley-shirts,B0CNT8PKF2
mens-henley-shirts,B0CK2H73KL
mens-henley-shirts,B0C5J2YK4H
mens-henley-shirts,B0CTMFBKDW
mens-henley-shirts,B0CTMDXKSQ
mens-henley-shirts,B0CNXNGSZY
mens-henley-shirts,B0CWH368SD
mens-henley-shirts,B09RSXCQP4
mens-henley-shirts,B0CSDQBMGS
mens-henley-shirts,B0CKTHKJ87
mens-henley-shirts,B07TX9B5VT
mens-henley-shirts,B09Q55LWMP
mens-henley-shirts,B0CFKPJF75
mens-henley-shirts,B0C538CDBH
mens-henley-shirts,B0CFKSC9YW
mens-henley-shirts,B0CF1TV3CM
mens-henley-shirts,B07Z3JZDMB
mens-henley-shirts,B075JH9SQW
mens-henley-shirts,B0B6ZXHW2W
mens-henley-shirts,B0C9LR4TDS
mens-henley-shirts,B0B7164TP3
mens-henley-shirts,B0CSYDYZVY
mens-henley-shirts,B00B6E9HGM
mens-henley-shirts,B0CQQ5TF48
mens-henley-shirts,B0BLHYK1WY
mens-henley-shirts,B0CFJFTPQ1
